,City,Cloudiness,Country,Date,Humidity,Lat,Lng,Max Temp,Wind Speed
0,kaitangata,0.0,NZ,1538143887,67.0,-46.28,169.85,34.66,4.41
1,busselton,32.0,AU,1538143624,100.0,-33.64,115.35,60.94,19.17
2,mahebourg,75.0,MU,1538139600,64.0,-20.41,57.7,75.2,13.87
3,ushuaia,75.0,AR,1538139600,39.0,-54.81,-68.31,46.4,9.17
4,esperance,20.0,TT,1538139600,79.0,10.24,-61.45,86.0,6.93
5,baracoa,88.0,CU,1538144124,94.0,20.35,-74.5,83.17,9.1
7,geraldton,75.0,CA,1538139600,93.0,49.72,-86.95,37.4,5.82
8,port macquarie,8.0,AU,1538139600,77.0,-31.43,152.91,62.6,11.45
9,rikitea,0.0,PF,1538144074,100.0,-23.12,-134.97,71.74,5.41
10,qaanaaq,12.0,GL,1538143965,100.0,77.48,-69.36,14.59,5.19
12,neuquen,75.0,AR,1538139600,100.0,-38.95,-68.06,51.8,4.7
13,butaritari,48.0,KI,1538143961,100.0,3.07,172.79,85.15,8.99
14,cape town,20.0,ZA,1538139600,45.0,-33.93,18.42,64.4,13.87
15,husavik,68.0,CA,1538144134,100.0,50.56,-96.99,34.57,17.49
16,mataura,64.0,NZ,1538143623,64.0,-46.19,168.86,46.72,14.25
17,albany,90.0,US,1538142840,86.0,42.65,-73.75,53.96,4.7
18,antofagasta,75.0,CL,1538139600,63.0,-23.65,-70.4,60.8,8.05
19,kodiak,90.0,US,1538139180,74.0,39.95,-94.76,55.94,10.29
20,tuktoyaktuk,90.0,CA,1538139600,80.0,69.44,-133.03,30.2,24.16
22,pinega,92.0,RU,1538144143,88.0,64.7,43.39,44.74,2.62
23,rawson,0.0,AR,1538144144,65.0,-43.3,-65.11,60.94,18.84
24,tuatapere,36.0,NZ,1538144145,88.0,-46.13,167.69,51.58,23.53
25,chara,75.0,GR,1538142600,52.0,39.42,22.43,64.4,3.36
26,dikson,48.0,RU,1538144148,93.0,73.51,80.55,39.88,4.97
27,angoche,0.0,MZ,1538144149,97.0,-16.23,39.91,80.83,11.23
28,bredasdorp,64.0,ZA,1538139600,40.0,-34.53,20.04,69.8,25.28
29,trincomalee,80.0,LK,1538143964,99.0,8.58,81.23,73.81,4.85
30,georgetown,75.0,GY,1538139600,70.0,6.8,-58.16,86.0,9.17
31,cururupu,100.0,BR,1538144073,66.0,-1.82,-44.87,86.14,14.7
32,kloulklubed,75.0,PW,1538139000,94.0,7.04,134.26,77.0,5.3
33,bethel,90.0,US,1538142780,96.0,60.79,-161.76,53.06,16.11
34,port alfred,0.0,ZA,1538144157,71.0,-33.59,26.89,67.51,22.08
35,araouane,12.0,ML,1538144159,27.0,18.9,-3.53,101.44,4.63
36,khatanga,92.0,RU,1538144160,90.0,71.98,102.47,41.41,16.82
37,new norfolk,0.0,AU,1538141400,75.0,-42.78,147.06,41.0,6.93
38,yellowknife,90.0,CA,1538139600,86.0,62.45,-114.38,30.2,10.29
39,mina,80.0,PH,1538144164,96.0,10.93,122.57,77.05,7.2
41,port hardy,90.0,CA,1538143200,100.0,50.7,-127.42,50.0,3.36
42,praia da vitoria,20.0,PT,1538143200,78.0,38.73,-27.07,77.0,9.55
43,arraial do cabo,75.0,BR,1538139600,83.0,-22.97,-42.02,78.8,11.41
44,novopokrovka,12.0,RU,1538144169,79.0,45.85,134.51,35.02,2.17
45,barrow,68.0,AR,1538143880,95.0,-38.31,-60.23,61.66,18.72
46,bluff,0.0,AU,1538144172,69.0,-23.58,149.07,66.52,9.89
47,touros,0.0,BR,1538143955,65.0,-5.2,-35.46,85.69,17.27
48,alamosa,0.0,US,1538144076,45.0,37.47,-105.87,48.34,2.39
50,east london,0.0,ZA,1538139600,59.0,-33.02,27.91,66.2,31.09
51,jamestown,0.0,AU,1538144177,84.0,-33.21,138.6,39.97,8.66
52,besancon,0.0,FR,1538143200,41.0,47.25,6.02,77.0,11.41
53,dingle,80.0,PH,1538143883,96.0,11.0,122.67,77.05,7.2
54,hithadhoo,92.0,MV,1538143928,100.0,-0.6,73.08,82.18,20.85
56,santa barbara,90.0,US,1538143020,90.0,34.42,-119.7,64.04,3.36
57,ottawa,75.0,CA,1538139600,87.0,45.42,-75.69,55.4,8.05
58,norman wells,75.0,CA,1538139600,92.0,65.28,-126.83,30.2,18.34
60,nanortalik,24.0,GL,1538144187,90.0,60.14,-45.24,39.52,35.84
61,wuda,0.0,CN,1538144188,46.0,39.5,106.72,43.48,6.76
62,namibe,0.0,AO,1538143939,100.0,-15.19,12.15,68.5,7.87
63,punta arenas,0.0,CL,1538139600,98.0,-53.16,-70.91,42.8,10.29
64,nyurba,0.0,RU,1538144191,77.0,63.29,118.35,42.04,5.41
65,saskylakh,80.0,RU,1538143978,96.0,71.97,114.09,33.49,5.41
67,sungaipenuh,24.0,ID,1538143911,88.0,-2.08,101.38,67.51,1.72
68,hobart,40.0,AU,1538143200,80.0,-42.88,147.33,42.8,8.05
69,miri,76.0,NG,1538143941,68.0,10.31,9.75,84.61,4.29
71,tasiilaq,40.0,GL,1538142600,100.0,65.61,-37.64,35.6,1.12
72,mount gambier,80.0,AU,1538143942,61.0,-37.83,140.78,46.63,5.64
73,mar del plata,20.0,AR,1538143918,54.0,-46.43,-67.52,61.3,11.68
74,te anau,36.0,NZ,1538144003,74.0,-45.41,167.72,44.29,16.26
75,massaguet,0.0,TD,1538139600,41.0,12.48,15.44,95.0,5.82
76,fortuna,40.0,ES,1538143200,39.0,38.18,-1.13,82.4,3.36
77,shelburne,1.0,CA,1538139600,87.0,44.08,-80.2,57.2,8.05
79,victoria,75.0,BN,1538143200,88.0,5.28,115.24,80.6,2.95
80,tiksi,48.0,RU,1538144209,96.0,71.64,128.87,24.85,5.53
81,boromo,8.0,BF,1538144210,72.0,11.74,-2.93,91.27,5.08
82,bethal,92.0,ZA,1538144211,34.0,-26.46,29.47,74.62,13.69
83,yakeshi,0.0,CN,1538144212,86.0,49.28,120.73,38.26,6.98
84,lesnyye polyany,75.0,RU,1538141400,87.0,55.97,37.87,59.0,20.13
85,los llanos de aridane,20.0,ES,1538143200,65.0,28.66,-17.92,80.6,13.87
86,narsaq,75.0,GL,1538142600,70.0,60.91,-46.05,42.8,18.34
87,natal,20.0,BR,1538143200,43.0,-5.81,-35.21,87.8,19.46
88,nara,75.0,JP,1538141400,73.0,34.68,135.8,71.6,6.93
89,kavaratti,36.0,IN,1538144219,100.0,10.57,72.64,83.62,12.46
90,lavrentiya,32.0,RU,1538144221,89.0,65.58,-170.99,44.74,24.76
91,iqaluit,75.0,CA,1538139600,95.0,63.75,-68.52,32.0,11.41
92,ancud,92.0,CL,1538144223,99.0,-41.87,-73.83,51.04,8.99
93,danjiangkou,0.0,CN,1538144224,80.0,32.54,111.51,57.61,4.97
94,sao joao da barra,0.0,BR,1538139600,62.0,-21.64,-41.05,84.2,5.82
95,thunder bay,75.0,CA,1538143200,93.0,48.41,-89.26,41.0,4.7
96,calbuco,90.0,CL,1538139600,87.0,-41.77,-73.13,51.8,19.46
97,iracoubo,64.0,GF,1538144229,70.0,5.48,-53.21,85.33,5.64
98,abu samrah,0.0,SY,1538144230,22.0,35.3,37.18,89.74,9.78
99,flin flon,75.0,CA,1538143200,58.0,54.77,-101.88,28.4,2.24
100,kanniyakumari,36.0,IN,1538144232,95.0,8.08,77.57,82.54,13.02
102,tautira,0.0,PF,1538141400,77.0,-17.73,-149.15,69.8,3.29
103,shunyi,0.0,CN,1538141400,93.0,40.13,116.65,55.4,4.47
104,hatillo,1.0,PR,1538142600,92.0,18.49,-66.83,84.2,12.75
105,puerto cabezas,40.0,NI,1538139600,88.0,14.04,-83.39,77.0,4.7
106,vaini,100.0,IN,1538144239,99.0,15.34,74.49,69.22,0.49
107,katherine,0.0,AU,1538143200,25.0,-14.47,132.26,84.2,11.41
108,puro,100.0,PH,1538144241,93.0,13.13,123.76,79.21,9.89
109,karema,88.0,TZ,1538144243,35.0,-6.82,30.44,83.08,4.97
110,atuona,92.0,PF,1538144245,100.0,-9.8,-139.03,77.95,11.45
111,ugoofaaru,88.0,MV,1538144246,100.0,5.67,73.0,81.73,22.3
112,cancun,75.0,MX,1538138520,94.0,21.17,-86.85,80.6,3.36
113,ubinskoye,0.0,RU,1538144244,58.0,55.31,79.68,57.61,9.89
114,gorno-altaysk,8.0,RU,1538144250,80.0,51.96,85.96,49.06,2.73
116,hermanus,8.0,ZA,1538144252,52.0,-34.42,19.24,59.59,11.01
117,pimentel,0.0,BR,1538144253,51.0,-3.7,-45.5,93.43,7.54
118,meulaboh,64.0,ID,1538144254,100.0,4.14,96.13,79.84,5.3
119,quelimane,0.0,MZ,1538139600,58.0,-17.88,36.89,86.0,16.11
120,lhokseumawe,36.0,ID,1538144257,100.0,5.18,97.15,80.65,1.72
121,ribeira grande,20.0,PT,1538143200,83.0,38.52,-28.7,78.8,9.17
123,woodway,1.0,US,1538142960,89.0,47.79,-122.38,59.0,4.7
124,belmonte,24.0,PT,1538144261,59.0,40.36,-7.35,76.69,3.96
125,alice springs,100.0,AU,1538143200,8.0,-23.7,133.88,75.2,13.87
127,nisia floresta,20.0,BR,1538143200,43.0,-6.09,-35.21,87.8,19.46
128,provideniya,80.0,RU,1538144266,91.0,64.42,-173.23,46.81,31.59
129,lorengau,44.0,PG,1538144267,100.0,-2.02,147.27,82.63,10.0
130,dumai,12.0,ID,1538144268,92.0,1.68,101.45,77.59,0.83
132,aklavik,90.0,CA,1538143200,86.0,68.22,-135.01,33.8,9.17
133,luderitz,0.0,NA,1538144272,68.0,-26.65,15.16,65.08,25.43
134,ponta do sol,64.0,BR,1538144273,51.0,-20.63,-46.0,83.71,6.31
136,tiznit,68.0,MA,1538144275,98.0,29.7,-9.73,74.62,8.66
137,rio grande,90.0,BR,1538139600,94.0,-32.03,-52.1,68.0,14.99
138,svetlogorsk,75.0,RU,1538141400,70.0,53.14,59.15,44.6,13.42
139,laguna,5.0,MX,1538139540,88.0,27.52,-110.01,75.2,2.24
140,kamien pomorski,20.0,PL,1538143200,58.0,53.97,14.77,57.2,18.34
141,divnomorskoye,88.0,RU,1538144281,76.0,44.5,38.13,63.55,2.62
142,amalapuram,0.0,IN,1538144282,74.0,16.58,82.0,82.9,6.08
143,wembley,0.0,GB,1538142600,39.0,51.55,-0.3,62.6,13.87
144,saint george,75.0,GR,1538142600,52.0,39.45,22.34,64.4,3.36
145,kapaa,90.0,US,1538142960,96.0,22.08,-159.32,75.92,12.75
146,longyearbyen,40.0,NO,1538142600,58.0,78.22,15.63,26.6,19.46
147,montgomery,90.0,US,1538143020,94.0,32.37,-86.3,75.02,3.51
148,pokhara,36.0,NP,1538144289,73.0,28.21,83.99,61.39,2.73
149,klaksvik,92.0,FO,1538142600,93.0,62.23,-6.59,44.6,18.34
150,cabo san lucas,75.0,MX,1538138700,83.0,22.89,-109.91,77.0,3.06
151,udachnyy,80.0,RU,1538144293,95.0,66.42,112.4,39.25,2.62
152,comodoro rivadavia,40.0,AR,1538139600,62.0,-45.87,-67.48,55.4,12.75
153,waipawa,20.0,NZ,1538144295,90.0,-39.94,176.59,40.42,6.76
154,ulaangom,0.0,MN,1538144296,83.0,49.98,92.07,31.87,2.62
155,port lincoln,44.0,AU,1538144297,100.0,-34.72,135.86,48.61,7.87
156,isangel,100.0,VU,1538144298,100.0,-19.55,169.27,67.51,20.4
157,kolokani,8.0,ML,1538144299,63.0,13.58,-8.03,92.89,3.74
158,washington,75.0,US,1538142960,72.0,38.9,-77.04,64.94,9.17
159,tupiza,8.0,BO,1538144302,13.0,-21.44,-65.72,61.75,3.62
160,quatre cocos,75.0,MU,1538139600,64.0,-20.21,57.76,75.2,13.87
161,loikaw,8.0,MM,1538144304,96.0,19.67,97.21,70.84,2.51
162,sambava,88.0,MG,1538144305,100.0,-14.27,50.17,73.45,20.18
163,talnakh,36.0,RU,1538144306,84.0,69.49,88.39,48.07,8.99
165,thompson,90.0,CA,1538143200,73.0,55.74,-97.86,26.6,6.93
166,ostrovnoy,92.0,RU,1538144310,93.0,68.05,39.51,40.69,23.09
167,hasaki,75.0,JP,1538141400,93.0,35.73,140.83,62.6,3.36
168,namatanai,0.0,PG,1538144312,100.0,-3.66,152.44,82.27,16.82
169,maumere,0.0,ID,1538144313,100.0,-8.63,122.22,80.47,3.62
170,moerai,20.0,PF,1538144315,100.0,-22.43,-151.33,71.29,5.3
171,talavera de la reina,0.0,ES,1538144301,37.0,39.96,-4.83,80.74,4.07
172,hilo,1.0,US,1538142960,84.0,19.71,-155.08,73.94,4.7
173,san policarpo,64.0,PH,1538144318,92.0,12.18,125.51,82.09,8.66
174,mazagao,40.0,BR,1538139600,62.0,-0.12,-51.29,89.6,13.87
175,ayagoz,56.0,KZ,1538144320,47.0,47.96,80.43,56.26,7.99
176,bambous virieux,75.0,MU,1538139600,64.0,-20.34,57.76,75.2,13.87
177,madang,48.0,PG,1538144323,100.0,-5.21,145.81,74.17,1.28
178,haines junction,76.0,CA,1538144324,96.0,60.75,-137.51,27.19,1.95
179,bani,76.0,PH,1538144325,97.0,15.89,120.27,77.59,3.96
181,sinnamary,44.0,GF,1538144327,91.0,5.38,-52.96,84.16,10.78
182,sisimiut,88.0,GL,1538144329,96.0,66.94,-53.67,32.32,5.86
183,torbay,90.0,CA,1538143200,100.0,47.66,-52.73,53.6,14.99
184,puerto ayora,75.0,EC,1538139600,78.0,-0.74,-90.35,71.6,5.82
185,santa rosa,90.0,AR,1538138400,100.0,-36.62,-64.29,55.4,16.11
187,acapulco,75.0,MX,1538142540,78.0,16.86,-99.88,80.6,3.36
188,esil,76.0,KZ,1538144337,57.0,51.96,66.41,49.96,15.48
189,lebu,20.0,ET,1538143200,28.0,8.96,38.73,71.6,16.11
190,el jicaro,8.0,GT,1538144340,63.0,14.91,-89.89,74.08,1.95
191,coquimbo,0.0,CL,1538139600,76.0,-29.95,-71.34,57.2,2.24
192,college,1.0,US,1538143080,17.0,64.86,-147.8,33.26,10.29
193,oistins,20.0,BB,1538139600,88.0,13.07,-59.53,80.6,17.22
194,grand island,90.0,US,1538142900,73.0,40.92,-98.34,46.94,13.87
196,portland,1.0,US,1538142960,86.0,45.52,-122.67,53.96,5.82
197,avarua,75.0,CK,1538143200,68.0,-21.21,-159.78,71.6,5.82
199,san patricio,0.0,PY,1538144351,75.0,-26.98,-56.83,83.8,3.51
200,vila velha,40.0,BR,1538143200,48.0,-3.71,-38.6,87.8,23.04
201,hualmay,12.0,PE,1538144353,70.0,-11.1,-77.61,68.32,3.96
202,tokur,0.0,RU,1538144354,78.0,53.13,132.9,39.16,4.07
203,carnarvon,0.0,ZA,1538144355,7.0,-30.97,22.13,67.78,13.35
204,zeya,0.0,RU,1538144356,79.0,53.74,127.27,41.95,2.62
205,hay river,90.0,CA,1538143200,69.0,60.82,-115.79,35.6,17.22
206,champerico,75.0,MX,1538140920,94.0,16.38,-93.6,73.4,2.24
207,tallahassee,1.0,US,1538141700,94.0,30.44,-84.28,78.8,3.51
208,mozarlandia,0.0,BR,1538144361,42.0,-14.74,-50.57,96.49,3.18
210,coahuayana,0.0,MX,1538144364,78.0,18.62,-100.35,72.01,3.06
212,sioux lookout,75.0,CA,1538143200,93.0,50.1,-91.92,39.2,3.36
213,port elizabeth,90.0,US,1538142960,93.0,39.31,-74.98,66.02,11.41
214,olga,90.0,US,1538143920,89.0,34.11,-118.17,66.92,2.06
215,witu,76.0,KE,1538144369,89.0,-2.39,40.44,75.25,11.9
216,faya,40.0,SA,1538139600,15.0,18.39,42.45,84.2,20.8
217,anadyr,20.0,RU,1538139600,81.0,64.73,177.51,42.8,11.18
218,preobrazheniye,64.0,RU,1538144373,91.0,42.9,133.91,46.18,2.06
219,leh,68.0,IN,1538144374,62.0,34.16,77.58,22.42,1.16
220,talara,90.0,PE,1538139600,290.0,-4.58,-81.27,62.6,10.29
221,freeport,0.0,BS,1538144377,90.0,26.54,-78.7,85.15,13.69
222,leningradskiy,24.0,RU,1538144378,98.0,69.38,178.42,39.61,21.3
223,laela,12.0,TZ,1538144379,25.0,-8.57,32.05,80.11,7.99
224,bathsheba,20.0,BB,1538139600,88.0,13.22,-59.52,80.6,17.22
225,bogo,20.0,CM,1538139600,52.0,10.74,14.61,91.4,3.36
226,aksu,0.0,KZ,1538141400,58.0,52.04,76.93,59.0,8.95
227,srednekolymsk,44.0,RU,1538144384,85.0,67.46,153.71,22.87,3.4
228,saint-philippe,75.0,CA,1538144160,82.0,45.36,-73.48,60.8,11.41
230,talaya,0.0,RU,1538144387,75.0,55.79,84.89,56.35,8.55
232,chuy,92.0,UY,1538144390,95.0,-33.69,-53.46,62.92,21.41
233,nikolskoye,40.0,RU,1538141400,46.0,59.7,30.79,50.0,20.13
234,mudgee,36.0,AU,1538144392,54.0,-32.6,149.59,61.57,14.14
235,bumba,92.0,CD,1538144393,88.0,2.18,22.47,76.51,3.74
236,havelock,75.0,US,1538142840,88.0,34.88,-76.9,84.02,10.29
237,clyde river,75.0,CA,1538143200,85.0,70.47,-68.59,23.0,3.36
238,la ronge,90.0,CA,1538143200,68.0,55.1,-105.3,28.4,5.82
239,zhangjiakou,20.0,CN,1538144398,79.0,40.77,114.88,34.57,3.4
240,koumac,92.0,NC,1538144399,75.0,-20.56,164.28,70.75,14.14
241,mandalgovi,0.0,MN,1538144400,67.0,45.76,106.27,30.97,12.68
242,pampa,1.0,US,1538142900,89.0,35.54,-100.96,63.5,11.41
243,badin,90.0,US,1538143200,96.0,35.41,-80.12,73.04,4.7
244,falam,24.0,MM,1538144404,97.0,22.91,93.68,68.32,1.72
245,yantai,0.0,CN,1538144405,100.0,37.53,121.39,67.87,12.91
246,yumen,0.0,CN,1538144406,45.0,40.29,97.04,42.94,7.54
247,ouango,56.0,CD,1538144408,80.0,4.31,22.55,78.67,2.51
248,vestmannaeyjar,90.0,IS,1538139600,100.0,63.44,-20.27,46.4,35.57
249,belaya gora,88.0,RU,1538144410,100.0,68.54,146.19,32.32,8.1
250,avera,90.0,US,1538143740,79.0,33.19,-82.53,77.0,4.7
251,arcachon,0.0,FR,1538143200,60.0,44.65,-1.18,80.6,12.75
252,palu,76.0,ID,1538144414,96.0,-0.9,119.87,68.14,1.5
253,paka,0.0,HR,1538143200,28.0,45.29,18.06,71.6,6.93
254,moose factory,90.0,CA,1538143200,93.0,51.26,-80.61,37.4,17.22
255,saint-joseph,0.0,FR,1538143200,54.0,43.56,6.97,87.8,12.75
256,sibolga,64.0,ID,1538144419,100.0,1.74,98.78,70.39,1.5
257,quang ngai,36.0,VN,1538144420,96.0,15.12,108.8,72.64,2.06
258,fairbanks,1.0,US,1538143080,17.0,64.84,-147.72,33.26,10.29
259,bushehr,0.0,IR,1538139600,47.0,28.97,50.84,96.8,9.17
260,ridgecrest,75.0,US,1538142960,6.0,35.62,-117.67,60.08,2.06
261,ouadda,12.0,CF,1538144425,79.0,8.07,22.4,83.53,4.63
262,lazi,0.0,HR,1538143200,26.0,45.57,14.64,78.8,4.7
264,bakel,0.0,SN,1538144428,71.0,14.9,-12.46,92.8,12.35
265,chokurdakh,80.0,RU,1538144430,100.0,70.62,147.9,34.84,11.68
266,cherskiy,24.0,RU,1538144429,100.0,68.75,161.3,28.9,2.28
267,deputatskiy,80.0,RU,1538144432,92.0,69.3,139.9,28.63,11.9
268,vestmanna,92.0,FO,1538142600,93.0,62.16,-7.17,44.6,18.34
270,hokitika,92.0,NZ,1538144435,100.0,-42.72,170.96,48.52,5.64
272,ligayan,8.0,PH,1538144437,100.0,4.65,119.47,81.82,3.18
273,berezovyy,12.0,RU,1538144438,65.0,51.67,135.7,42.76,2.51
274,kenai,90.0,US,1538142960,92.0,60.55,-151.26,48.02,5.82
275,saldanha,0.0,PT,1538144441,31.0,41.42,-6.55,84.61,4.74
276,pevek,68.0,RU,1538144442,90.0,69.7,170.27,43.12,18.84
277,mackay,90.0,CA,1538143200,100.0,53.65,-115.58,30.2,2.24
278,humberto de campos,0.0,BR,1538144444,78.0,-2.6,-43.46,85.15,23.42
279,khandyga,0.0,RU,1538144446,67.0,62.65,135.58,32.41,7.99
281,luganville,92.0,VU,1538144448,100.0,-15.51,167.18,75.79,25.88
282,kruisfontein,0.0,ZA,1538144449,72.0,-34.0,24.73,63.73,24.99
283,severo-kurilsk,80.0,RU,1538144450,100.0,50.68,156.12,44.92,8.43
284,ndioum,8.0,SN,1538144451,43.0,16.51,-14.65,100.45,11.01
285,luau,24.0,CD,1538144453,36.0,-10.7,22.23,87.85,3.4
287,chumikan,76.0,RU,1538144455,54.0,54.72,135.31,58.51,10.78
288,nome,90.0,US,1538142900,86.0,30.04,-94.42,73.94,6.93
290,prince rupert,90.0,CA,1538143200,100.0,54.32,-130.32,50.0,3.36
291,codrington,0.0,AU,1538144460,90.0,-28.95,153.24,60.22,6.08
292,porto novo,75.0,BR,1538143200,78.0,-23.68,-45.44,71.6,3.36
293,fort nelson,75.0,CA,1538143200,92.0,58.81,-122.69,26.6,3.36
294,sakaiminato,40.0,JP,1538139600,77.0,35.55,133.23,62.6,4.7
295,upernavik,68.0,GL,1538144465,100.0,72.79,-56.15,33.13,10.22
296,sitka,32.0,US,1538144466,86.0,37.17,-99.65,62.56,7.09
297,marsh harbour,64.0,BS,1538144237,97.0,26.54,-77.06,84.52,15.7
298,point fortin,20.0,TT,1538139600,79.0,10.16,-61.68,86.0,6.93
299,sawai madhopur,0.0,IN,1538144469,50.0,26.02,76.35,78.49,5.53
300,dalbandin,0.0,PK,1538144471,16.0,28.9,64.41,73.9,8.55
301,dzerzhinsk,90.0,RU,1538141400,100.0,56.24,43.46,48.2,8.95
302,guanica,1.0,PR,1538142600,98.0,17.97,-66.91,84.2,12.75
304,souillac,0.0,FR,1538143200,28.0,45.6,-0.6,84.2,10.29
305,adamovka,0.0,RU,1538144477,64.0,51.52,59.94,46.81,13.02
306,faanui,64.0,PF,1538144478,100.0,-16.48,-151.75,76.96,7.09
307,churapcha,0.0,RU,1538144479,50.0,62.0,132.43,33.04,6.2
308,ilulissat,75.0,GL,1538142600,69.0,69.22,-51.1,35.6,14.99
309,bella union,80.0,CO,1538144481,94.0,8.5,-73.35,70.3,1.83
310,erzin,0.0,TR,1538142600,51.0,36.95,36.2,87.8,20.8
312,puerto baquerizo moreno,90.0,EC,1538139600,94.0,-0.9,-89.6,69.8,9.17
313,bhor,64.0,IN,1538144486,100.0,18.15,73.84,70.39,1.39
314,fare,68.0,PF,1538144487,100.0,-16.7,-151.02,75.52,6.42
315,samarai,76.0,PG,1538144488,100.0,-10.62,150.67,76.69,14.03
316,piacabucu,48.0,BR,1538144489,56.0,-10.41,-36.43,85.24,12.8
317,zdvinsk,0.0,RU,1538144490,51.0,54.7,78.67,61.57,12.68
318,sao filipe,0.0,CV,1538144491,81.0,14.9,-24.5,82.81,17.05
319,lucea,20.0,JM,1538143200,66.0,18.44,-78.17,87.8,9.17
320,kondinskoye,92.0,RU,1538144494,97.0,59.65,67.41,44.92,7.99
321,denpasar,0.0,ID,1538144495,100.0,-8.65,115.22,70.21,2.06
322,astoria,1.0,US,1538142900,92.0,46.19,-123.83,51.08,3.74
323,katsuura,88.0,JP,1538144497,93.0,33.93,134.5,66.34,5.08
324,crotone,40.0,IT,1538142600,43.0,39.09,17.12,69.8,16.11
325,corinto,0.0,BR,1538144500,46.0,-18.36,-44.46,92.08,5.19
326,zdounky,20.0,CZ,1538143200,49.0,49.23,17.32,68.0,8.05
327,jinxiang,0.0,CN,1538144502,78.0,35.07,116.31,56.08,2.62
328,dumas,8.0,IN,1538144479,90.0,21.09,72.71,86.77,6.2
330,henties bay,0.0,NA,1538144505,81.0,-22.12,14.28,63.55,10.0
331,honiara,20.0,SB,1538143200,94.0,-9.43,159.96,75.2,2.24
333,selkirk,75.0,CA,1538143200,100.0,50.15,-96.88,32.0,13.87
334,susurluk,75.0,TR,1538142600,53.0,39.91,28.16,73.4,11.41
335,heidelberg,0.0,DE,1538142600,28.0,49.41,8.69,71.6,9.17
337,sao miguel do araguaia,0.0,BR,1538144514,85.0,-13.28,-50.16,87.94,5.75
339,kalur kot,32.0,PK,1538144516,65.0,32.16,71.27,78.85,4.07
341,sorland,40.0,NO,1538142600,60.0,67.67,12.69,42.8,2.24
342,dasoguz,0.0,TM,1538143200,46.0,41.84,59.97,73.4,6.93
343,saint-pierre,20.0,FR,1538143200,59.0,48.95,4.24,71.6,19.46
344,castro,92.0,CL,1538144522,99.0,-42.48,-73.76,50.86,9.78
345,komsomolskiy,36.0,RU,1538144523,88.0,67.55,63.78,38.44,8.43
346,alcudia,20.0,ES,1538143200,57.0,39.85,3.12,78.8,9.17
347,bogashevo,0.0,RU,1538144526,75.0,56.37,85.14,55.54,6.53
348,ruston,90.0,US,1538144100,95.0,32.52,-92.64,66.02,3.62
349,oriximina,0.0,BR,1538144528,52.0,-1.77,-55.87,91.81,5.75
350,kremenchuk,24.0,UA,1538144529,68.0,49.08,33.43,62.29,8.21
351,batagay,24.0,RU,1538144530,75.0,67.65,134.64,17.92,2.73
353,lebyazhye,40.0,RU,1538141400,46.0,59.96,29.42,50.0,20.13
354,lompoc,90.0,US,1538143080,93.0,34.64,-120.46,55.94,4.7
355,novikovo,0.0,UA,1538144535,100.0,45.05,34.56,57.34,1.61
356,kohima,12.0,IN,1538144536,92.0,25.66,94.1,66.88,1.72
357,katangli,0.0,RU,1538144537,89.0,51.71,143.23,50.32,14.25
358,cidreira,48.0,BR,1538144538,95.0,-30.17,-50.22,69.58,16.82
359,raymond,90.0,US,1538143200,83.0,43.04,-71.18,59.0,6.93
360,cam ranh,12.0,VN,1538144541,100.0,11.92,109.15,80.2,4.63
362,nemuro,32.0,JP,1538144543,100.0,43.32,145.57,56.17,7.76
363,alofi,75.0,NU,1538143200,83.0,-19.06,-169.92,71.6,8.05
364,bulalacao,76.0,PH,1538144545,100.0,13.7,123.78,78.13,4.74
366,ulvik,75.0,NO,1538142600,87.0,60.57,6.92,39.2,20.8
367,nurota,0.0,UZ,1538141400,14.0,40.56,65.69,75.2,6.93
368,maniitsoq,68.0,GL,1538144357,100.0,65.42,-52.9,36.28,17.16
369,chepareria,32.0,KE,1538144551,71.0,1.32,35.2,66.97,0.6
372,bykovo,0.0,RU,1538144554,56.0,49.76,45.39,58.33,9.33
373,guerrero negro,24.0,MX,1538144555,92.0,27.97,-114.04,67.96,3.4
374,camopi,0.0,GF,1538144557,45.0,3.17,-52.33,93.61,4.07
375,cairns,20.0,AU,1538143200,68.0,-16.92,145.77,71.6,9.17
376,raahe,12.0,FI,1538142600,52.0,64.68,24.47,42.8,13.87
377,vicar,40.0,ES,1538143200,61.0,36.83,-2.64,78.8,11.41
378,ferrol,75.0,ES,1538143200,82.0,43.48,-8.23,78.8,6.93
379,ballina,75.0,IE,1538143200,66.0,54.11,-9.15,51.8,3.36
380,siavonga,36.0,ZW,1538144563,27.0,-16.54,28.71,92.62,5.19
381,ahipara,0.0,NZ,1538144565,100.0,-35.17,173.16,43.39,3.85
382,ferkessedougou,76.0,CI,1538144566,100.0,9.6,-5.2,76.69,6.98
383,pangnirtung,90.0,CA,1538143200,74.0,66.15,-65.72,30.2,2.24
384,vardo,75.0,US,1538143080,74.0,39.62,-77.74,64.4,10.29
385,bilibino,88.0,RU,1538144569,74.0,68.06,166.44,40.15,5.75
386,horsham,0.0,AU,1538144570,75.0,-36.71,142.2,42.94,8.55
387,kantang,32.0,TH,1538144572,100.0,7.42,99.52,77.59,3.62
390,salalah,20.0,OM,1538139000,74.0,17.01,54.1,80.6,12.75
391,oranjemund,0.0,ZA,1538144576,93.0,-28.55,16.43,58.42,24.54
392,nautla,88.0,MX,1538144577,100.0,20.22,-96.78,78.13,12.01
394,baykit,0.0,RU,1538144579,89.0,61.68,96.39,36.82,4.18
395,freetown,20.0,BS,1538143200,66.0,26.61,-78.36,87.8,5.82
396,puerto padre,40.0,CU,1538142600,70.0,21.2,-76.61,86.0,11.41
397,sao sebastiao,20.0,BR,1538139600,70.0,-3.15,-58.36,87.8,5.82
399,rio gallegos,0.0,AR,1538139600,70.0,-51.62,-69.22,44.6,5.82
400,onda,20.0,ES,1538143200,36.0,39.96,-0.26,80.6,5.82
401,broome,40.0,GB,1538142960,58.0,52.47,1.45,60.8,10.29
402,hamilton,40.0,CA,1538143200,63.0,43.26,-79.87,64.4,11.41
403,dzhebariki-khaya,0.0,RU,1538144590,67.0,62.22,135.8,32.41,7.99
404,salta,20.0,AR,1538139600,73.0,-24.79,-65.41,77.0,4.7
405,nacala,0.0,MZ,1538144592,89.0,-14.56,40.69,79.12,8.43
406,thinadhoo,92.0,MV,1538144583,100.0,0.53,72.93,79.66,17.6
407,limbang,75.0,BN,1538143200,94.0,4.75,115.01,80.6,2.24
408,muriwai beach,44.0,NZ,1538143200,87.0,-36.82,174.45,48.2,2.24
409,tamandare,8.0,BR,1538144597,65.0,-8.28,-70.75,90.91,3.74
412,mana,0.0,RS,1538143200,51.0,43.52,20.24,71.6,4.7
413,amahai,88.0,ID,1538144602,100.0,-3.31,129.0,81.55,13.69
414,popondetta,64.0,PG,1538144603,86.0,-8.77,148.24,66.07,1.72
415,saint-augustin,0.0,FR,1538143200,47.0,44.83,-0.61,80.6,8.05
416,taoudenni,0.0,ML,1538144605,16.0,22.68,-3.98,101.8,6.76
418,mathathane,0.0,BW,1538144608,23.0,-22.27,28.75,94.42,11.79
420,dalmatovo,24.0,RU,1538144610,74.0,56.26,62.94,46.0,16.04
421,macomer,0.0,IT,1538142600,57.0,40.26,8.77,75.2,9.17
422,biak,76.0,ID,1538144613,97.0,-0.91,122.88,76.87,4.41
423,devonport,0.0,AU,1538144614,88.0,-41.18,146.36,30.43,4.63
424,kirakira,64.0,SB,1538144615,98.0,-10.46,161.92,82.72,13.69
425,tena,20.0,EC,1538144616,84.0,-0.99,-77.82,70.57,3.4
426,visp,0.0,CH,1538142600,36.0,46.29,7.88,77.0,11.41
427,victor harbor,20.0,AU,1538143200,61.0,-35.55,138.62,48.2,6.93
428,serro,0.0,BR,1538144620,45.0,-18.6,-43.38,86.77,3.18
429,sola,75.0,FI,1538142600,65.0,62.78,29.36,41.0,10.29
430,miquelon,75.0,PM,1538143200,87.0,47.1,-56.38,53.6,16.11
431,constitucion,90.0,MX,1538142000,100.0,23.99,-104.67,59.0,4.41
432,sur,0.0,OM,1538144624,89.0,22.57,59.53,85.24,1.39
433,obeliai,88.0,LT,1538144626,73.0,55.94,25.8,51.49,12.01
434,lourdes,0.0,SV,1538142600,94.0,13.73,-89.37,80.6,5.82
435,hervey bay,0.0,AU,1538144628,97.0,-25.3,152.85,68.86,10.56
436,morristown,90.0,US,1538144100,97.0,36.21,-83.29,59.36,3.4
437,revda,92.0,RU,1538144630,100.0,67.94,34.55,35.02,4.97
438,kaffrine,0.0,SN,1538144631,75.0,14.1,-15.55,91.36,12.8
439,itarema,0.0,BR,1538144607,57.0,-2.92,-39.92,89.47,19.84
441,dryden,90.0,CA,1538143200,100.0,49.79,-92.84,37.4,8.05
442,vasterhaninge,40.0,SE,1538142600,81.0,59.12,18.1,44.6,12.75
443,hvide sande,40.0,DK,1538143260,71.0,56.01,8.13,53.6,20.8
444,salekhard,92.0,RU,1538144638,97.0,66.54,66.62,45.1,6.64
445,volterra,0.0,IT,1538142600,31.0,43.4,10.86,87.8,5.82
446,ixtlan del rio,90.0,MX,1538142300,100.0,21.03,-104.37,64.4,2.28
447,bangassou,92.0,CF,1538144642,78.0,4.74,22.82,79.3,2.73
448,umm kaddadah,12.0,SD,1538144643,22.0,13.6,26.69,97.21,8.99
449,nabire,88.0,ID,1538144644,95.0,-3.36,135.5,69.13,2.17
450,mahibadhoo,92.0,MV,1538144645,100.0,3.78,72.97,80.47,20.51
451,suez,24.0,EG,1538144647,31.0,29.97,32.54,89.83,7.2
452,ochakiv,75.0,UA,1538143200,63.0,46.61,31.55,64.4,6.71
453,merritt island,75.0,US,1538143860,70.0,28.54,-80.67,87.98,4.7
454,tongzi,68.0,CN,1538144650,96.0,28.78,105.09,62.92,2.95
455,ust-nera,36.0,RU,1538144651,89.0,64.57,143.24,11.8,2.39
456,mahanoro,80.0,MG,1538144652,87.0,-19.9,48.8,69.76,3.96
457,hofn,90.0,IS,1538139600,81.0,64.25,-15.21,46.4,28.86
458,palmer,20.0,AU,1538143200,61.0,-34.85,139.16,48.2,6.93
459,bandarbeyla,0.0,SO,1538144656,96.0,9.49,50.81,79.21,21.74
460,la libertad,0.0,PE,1538143200,15.0,-16.38,-71.56,68.0,5.82
461,uruzgan,80.0,AF,1538144658,72.0,32.93,66.63,47.89,1.83
462,jaguaruna,92.0,BR,1538144659,98.0,-28.62,-49.03,68.95,10.78
463,beira,75.0,ES,1538143200,82.0,43.2,-8.36,78.8,6.93
465,tessalit,12.0,ML,1538144663,19.0,20.2,1.01,101.35,5.08
466,zhigansk,44.0,RU,1538144664,100.0,66.77,123.37,34.39,2.62
467,paralimni,88.0,GR,1538144665,32.0,40.99,23.67,65.8,3.29
468,carutapera,68.0,BR,1538144666,71.0,-1.2,-46.02,85.78,15.26
469,kholm,64.0,RU,1538144668,75.0,57.15,31.18,46.18,15.03
470,jalu,0.0,LY,1538144669,35.0,29.03,21.55,82.27,6.53
471,ocos,40.0,GT,1538142060,88.0,14.51,-92.19,77.0,7.65
472,kahului,75.0,US,1538142960,90.0,20.89,-156.47,78.98,5.82
473,sompeta,12.0,IN,1538144672,91.0,18.93,84.6,78.49,3.96
474,rocha,92.0,UY,1538144673,91.0,-34.48,-54.34,62.47,15.59
475,paamiut,92.0,GL,1538144675,96.0,61.99,-49.67,40.42,20.29
476,moroni,0.0,US,1538144676,55.0,39.52,-111.59,42.85,1.61
477,morehead,90.0,US,1538143740,96.0,38.18,-83.43,57.02,3.4
478,ondarroa,20.0,ES,1538143200,65.0,43.32,-2.42,78.8,9.17
479,hami,0.0,CN,1538144679,47.0,42.84,93.51,48.07,4.41
480,egvekinot,68.0,RU,1538144681,94.0,66.32,-179.17,32.32,3.51
481,beringovskiy,92.0,RU,1538144682,100.0,63.05,179.32,45.37,20.18
482,fallbrook,90.0,US,1538143920,100.0,33.38,-117.25,68.0,3.36
483,young,48.0,UY,1538144665,83.0,-32.7,-57.63,74.08,13.24
484,ola,75.0,RU,1538139600,93.0,59.58,151.3,50.0,15.66
485,nantucket,90.0,US,1538144160,93.0,41.28,-70.1,62.06,9.17
486,guadix,20.0,ES,1538143200,32.0,37.3,-3.14,82.4,2.17
487,manggar,8.0,ID,1538144689,89.0,-2.88,108.27,78.31,7.65
488,bonavista,64.0,CA,1538144690,90.0,48.65,-53.11,52.66,17.83
490,talas,0.0,TR,1538142600,22.0,38.69,35.55,77.0,6.93
491,presidencia roque saenz pena,0.0,AR,1538144694,83.0,-26.79,-60.44,85.51,13.02
492,marsaxlokk,75.0,MT,1538142300,38.0,35.84,14.54,73.4,14.99
493,shumskiy,0.0,RU,1538144696,99.0,54.83,99.13,30.16,2.84
495,karratha,0.0,AU,1538144698,61.0,-20.74,116.85,65.44,7.76
496,filingue,24.0,NE,1538144699,41.0,14.35,3.32,99.01,4.74
497,jieshi,12.0,CN,1538144700,89.0,22.82,115.83,81.19,14.81
498,vanimo,8.0,PG,1538144702,100.0,-2.67,141.3,84.25,6.42
500,svetlaya,0.0,RU,1538144704,100.0,46.54,138.33,52.57,7.31
501,port hawkesbury,90.0,CA,1538143800,100.0,45.62,-61.36,53.6,11.41
502,hovd,75.0,NO,1538142600,81.0,63.83,10.7,42.8,14.99
503,molina,90.0,CL,1538139600,100.0,-35.11,-71.28,51.8,3.36
504,armidale,32.0,AU,1538144708,85.0,-30.51,151.67,49.78,5.41
505,lensk,12.0,RU,1538144710,93.0,60.71,114.91,35.92,2.51
506,lagoa,20.0,PT,1538143200,57.0,37.14,-8.45,80.6,9.17
507,kotido,48.0,UG,1538144712,43.0,3.01,34.12,82.09,10.78
508,kaeo,0.0,NZ,1538144713,77.0,-35.1,173.78,37.09,2.62
510,phayao,36.0,TH,1538144716,88.0,19.17,99.9,73.81,2.17
511,port hedland,0.0,AU,1538143200,88.0,-20.31,118.58,68.0,6.93
512,surt,12.0,LY,1538144461,88.0,31.21,16.59,76.87,17.72
513,ewa beach,20.0,US,1538143020,93.0,21.32,-158.01,78.98,7.76
514,kangaatsiaq,68.0,GL,1538144720,97.0,68.31,-53.46,37.09,19.84
516,tazmalt,20.0,DZ,1538143200,57.0,36.39,4.4,78.8,10.29
517,calabozo,12.0,VE,1538144723,66.0,8.92,-67.43,90.91,7.65
518,marsa matruh,0.0,EG,1538143200,58.0,31.35,27.25,84.2,4.7
519,pisco,90.0,PE,1538139600,30.0,-13.71,-76.2,71.6,3.36
520,kaseda,92.0,JP,1538144726,100.0,31.42,130.32,76.24,20.74
521,belebey,56.0,RU,1538144728,62.0,54.12,54.12,48.61,13.91
522,neryungri,20.0,RU,1538144729,87.0,56.66,124.71,37.54,7.76
523,okhotsk,12.0,RU,1538144730,86.0,59.36,143.24,45.28,17.38
524,pacific grove,90.0,US,1538143260,93.0,36.62,-121.92,55.4,5.82
525,muscat,20.0,OM,1538139000,70.0,23.6,58.55,87.8,9.17
526,sassandra,80.0,CI,1538144733,95.0,4.95,-6.09,78.58,14.36
527,caravelas,0.0,BR,1538144569,99.0,-17.73,-39.27,77.77,18.72
528,shenkursk,88.0,RU,1538144736,87.0,62.11,42.91,42.85,1.72
529,poum,75.0,MK,1538143200,25.0,41.28,20.71,60.8,14.99
530,airai,0.0,TL,1538144738,82.0,-8.93,125.41,68.05,1.61
531,naryan-mar,88.0,RU,1538144441,96.0,67.67,53.09,41.86,9.44
532,vilcun,92.0,CL,1538144740,95.0,-38.65,-72.23,45.55,14.47
533,ouesso,56.0,CG,1538144741,83.0,1.61,16.05,79.84,3.18
534,ahmadpur sial,56.0,PK,1538143200,36.0,30.68,71.77,91.4,4.7
535,rostovka,75.0,RU,1538141400,87.0,55.02,73.58,51.8,15.66
536,omsukchan,88.0,RU,1538144468,90.0,62.53,155.8,29.08,9.33
537,iguape,92.0,BR,1538144746,98.0,-24.7,-47.56,72.19,7.65
538,berlevag,40.0,NO,1538142600,52.0,70.86,29.09,41.0,11.41
539,ercis,20.0,TR,1538142600,49.0,39.03,43.36,71.6,6.93
540,hengshui,24.0,CN,1538144749,37.0,37.73,115.7,65.35,12.46
541,aykhal,92.0,RU,1538144751,91.0,65.95,111.51,37.27,2.84
542,temanggung,0.0,ID,1538144752,95.0,-7.32,110.18,67.69,3.4
543,saint-denis,40.0,FR,1538143200,59.0,48.94,2.36,66.2,12.75
544,cukai,32.0,MY,1538143200,94.0,4.25,103.42,78.8,1.12
545,gilgit,36.0,PK,1538144755,70.0,35.92,74.31,40.24,0.16
546,hirara,92.0,JP,1538144757,100.0,24.8,125.28,80.65,43.66
547,muncar,0.0,ID,1538144758,96.0,-8.43,114.34,76.06,4.29
548,virginia beach,75.0,US,1538143380,79.0,36.85,-75.98,82.94,12.75
549,cikupa,36.0,ID,1538144760,100.0,-7.65,108.11,73.81,8.43
550,cartagena,20.0,ES,1538143200,61.0,37.63,-1.0,82.4,8.05
551,kurchum,12.0,KZ,1538144763,81.0,48.57,83.65,51.58,4.52
552,baie-saint-paul,0.0,CA,1538144764,84.0,47.44,-70.51,53.29,4.07
553,vila praia de ancora,0.0,PT,1538143200,68.0,41.81,-8.85,69.8,11.41
554,arman,75.0,RU,1538139600,93.0,59.7,150.17,50.0,15.66
555,milkovo,88.0,BG,1538143200,20.0,41.53,24.68,71.6,8.05
556,wagar,56.0,US,1538144769,87.0,31.44,-87.99,77.77,3.51
558,barreirinha,8.0,BR,1538144771,59.0,-2.8,-57.07,91.99,4.85
559,pasan,0.0,IN,1538144772,67.0,22.84,82.2,76.42,4.74
560,yerbogachen,0.0,RU,1538144773,87.0,61.28,108.01,36.73,2.73
561,norton,76.0,ZW,1538144775,22.0,-17.87,30.7,87.67,6.76
562,barcelos,0.0,PT,1538143200,64.0,41.53,-8.62,69.8,14.99
563,parakan,0.0,ID,1538144777,90.0,-7.45,109.59,63.01,3.18
564,malangali,0.0,TZ,1538144778,21.0,-8.57,34.85,77.59,15.26
565,basco,1.0,US,1538144100,87.0,40.33,-91.2,58.1,10.29
566,caldas novas,80.0,BR,1538144781,35.0,-17.75,-48.62,93.79,2.51
567,ulladulla,92.0,AU,1538139600,82.0,-35.36,150.48,55.4,4.7
568,alta floresta,36.0,BR,1538139600,94.0,-9.87,-56.08,75.2,2.84
569,altay,0.0,CN,1538144784,77.0,47.83,88.13,28.54,2.28
570,yar-sale,76.0,RU,1538144786,86.0,66.83,70.83,53.92,17.6
571,richards bay,32.0,ZA,1538144787,81.0,-28.77,32.06,74.35,13.8
572,cruz alta,80.0,AR,1538144788,84.0,-33.01,-61.81,74.62,15.48
573,smithers,75.0,CA,1538143200,100.0,54.78,-127.17,39.2,1.95
574,fasa,40.0,IR,1538139600,14.0,28.94,53.65,89.6,1.61
576,baherden,0.0,TM,1538144793,45.0,38.44,57.43,69.94,4.29
578,roebourne,0.0,AU,1538144795,61.0,-20.77,117.15,65.44,7.76
579,exeter,20.0,GB,1538142600,54.0,50.73,-3.53,59.0,14.99
581,skjervoy,40.0,NO,1538142600,69.0,70.03,20.97,39.2,18.34
582,bud,75.0,NO,1538142600,70.0,62.91,6.91,48.2,23.04
583,iquitos,0.0,PE,1538139600,83.0,-3.75,-73.25,82.4,5.82
584,vallejo,75.0,US,1538143440,80.0,38.1,-122.26,59.0,4.7
585,vrangel,32.0,RU,1538144804,100.0,42.73,133.08,62.83,3.4
586,nossa senhora da gloria,20.0,BR,1538144805,47.0,-10.22,-37.42,89.11,12.8
587,padang,32.0,ID,1538144612,100.0,-0.92,100.36,83.17,5.64
588,carballo,75.0,ES,1538143200,82.0,43.21,-8.69,78.8,6.93
589,minsk,75.0,BY,1538141400,66.0,53.9,27.56,53.6,6.71
590,french harbor,75.0,HN,1538143200,70.0,16.35,-86.43,86.0,19.46
592,cordoba,0.0,CO,1538144811,53.0,5.59,-73.79,66.88,1.16
593,severobaykalsk,0.0,RU,1538144813,70.0,55.65,109.32,28.99,3.06
594,baisha,20.0,CN,1538144814,100.0,19.23,109.45,72.28,1.16
595,makakilo city,20.0,US,1538143020,93.0,21.35,-158.09,78.98,7.76
597,gat,0.0,SN,1538144817,74.0,14.69,-16.54,89.47,12.8
598,kuandian,92.0,CN,1538144818,93.0,40.73,124.78,55.18,10.89
599,requena,20.0,ES,1538143200,36.0,39.49,-1.1,80.6,5.82
600,goderich,56.0,CA,1538144791,88.0,43.74,-81.71,60.04,18.5
601,limoges,0.0,FR,1538143200,38.0,45.84,1.26,77.0,9.17
602,amazar,0.0,RU,1538144823,73.0,53.86,120.88,42.49,2.95
603,tabasalu,20.0,EE,1538142600,61.0,59.43,24.54,50.0,11.41
